{"eval_loss":1.3281193971633911,"train_steps_per_second":10814.787,"eval/steps_per_second":0.243,"train/global_step":12261,"epoch":2.9998165025383816,"_step":3,"eval/samples_per_second":7.638,"eval/runtime":172.6971,"eval/loss":1.3281193971633911,"total_flos":5.471576933001907e+19,"_runtime":216.44618292,"eval_runtime":172.6971,"train_loss":0,"train_samples_per_second":696714.714,"eval_steps_per_second":0.243,"_timestamp":1.733822383366945e+09,"_wandb":{"runtime":216},"eval_samples_per_second":7.638,"train/epoch":2.9998165025383816,"train_runtime":0.0322}