{"eval_loss":1.3671666383743286,"train/learning_rate":6.959999999999999e-07,"_timestamp":1.733839834402526e+09,"learning_rate":6.959999999999999e-07,"train_samples_per_second":2.924,"eval/runtime":172.8898,"_runtime":7879.542975463,"train/grad_norm":0.6139692068099976,"train/epoch":2.990374331550802,"epoch":2.990374331550802,"eval_steps_per_second":0.243,"train/loss":1.3226,"eval/steps_per_second":0.243,"loss":1.3226,"eval_runtime":172.8898,"eval/samples_per_second":7.629,"eval_samples_per_second":7.629,"train_steps_per_second":0.045,"train_runtime":7667.1277,"total_flos":2.9627199421362995e+17,"grad_norm":0.6139692068099976,"_wandb":{"runtime":7879},"train/global_step":348,"_step":705,"eval/loss":1.3671666383743286,"train_loss":2.0073164163649766}