{"_step":115,"loss":0.3193,"grad_norm":0,"learning_rate":2.32e-07,"epoch":0.9925133689839573,"_wandb":{"runtime":2080},"_timestamp":1.733891675892541e+09,"_runtime":2071.502737043}