{"_step":2,"loss":0.3365,"grad_norm":1.5246471166610718,"_wandb":{"runtime":130},"learning_rate":6e-09,"epoch":0.025668449197860963,"_timestamp":1.7338846622603133e+09,"_runtime":109.122878504}