{"grad_norm":0,"train/epoch":0.9925133689839573,"learning_rate":2.32e-07,"_timestamp":1.7338873719857872e+09,"_step":231,"train/loss":0.3193,"train/global_step":116,"loss":0.3193,"train/grad_norm":0,"_wandb":{"runtime":2077},"epoch":0.9925133689839573,"_runtime":2072.559278602,"train/learning_rate":2.32e-07}