{"_step":0,"loss":0.3167,"grad_norm":1.527297019958496,"learning_rate":2e-09,"epoch":0.008556149732620321,"_timestamp":1.7338848456094446e+09,"_wandb":{"runtime":75},"_runtime":65.128690179}