{"epoch":2.9998165025383816,"total_flos":5.471576933001907e+19,"train_samples_per_second":888058.756,"eval_samples_per_second":7.51,"_runtime":216.316230387,"train_steps_per_second":13784.935,"_wandb":{"runtime":216},"train_runtime":0.0252,"_timestamp":1.7338223833668191e+09,"eval_steps_per_second":0.239,"eval_runtime":175.621,"_step":1,"train_loss":0,"eval_loss":1.3281193971633911}