{"_timestamp":1.7338227013245206e+09,"_wandb":{"runtime":159},"_runtime":153.661912497,"_step":4,"loss":1.3073,"grad_norm":6.44242525100708,"learning_rate":1e-08,"epoch":0.0427807486631016}