{"grad_norm":0,"learning_rate":4.66e-07,"epoch":0.9973247726056714,"_timestamp":1.733894211372149e+09,"_runtime":2027.178543606,"_step":232,"loss":0.2895,"_wandb":{"runtime":2035}}