{"epoch":2.9998165025383816,"eval/runtime":80.0861,"eval_loss":0.39284488558769226,"eval_steps_per_second":0.112,"train/global_step":12261,"train_loss":0,"eval/steps_per_second":0.112,"train_runtime":0.0442,"eval/loss":0.39284488558769226,"train_steps_per_second":7881.731,"total_flos":5.471576933001907e+19,"_runtime":213.097649149,"_timestamp":1.7338176578382823e+09,"eval/samples_per_second":3.234,"_wandb":{"runtime":213},"eval_runtime":80.0861,"eval_samples_per_second":3.234,"train/epoch":2.9998165025383816,"_step":3,"train_samples_per_second":507760.146}