{"learning_rate":8e-09,"epoch":0.034224598930481284,"_timestamp":1.733930795821558e+09,"_runtime":87.418556022,"_step":3,"_wandb":{"runtime":99},"loss":0.3222,"grad_norm":0}