{"_wandb":{"runtime":100},"learning_rate":8e-09,"epoch":0.034224598930481284,"train/global_step":4,"_step":7,"train/learning_rate":8e-09,"train/epoch":0.034224598930481284,"_timestamp":1.733930795821593e+09,"train/loss":0.3222,"train/grad_norm":0,"grad_norm":0,"loss":0.3222,"_runtime":87.556727997}