{"eval_steps_per_second":0.24,"epoch":2.990374331550802,"loss":1.3226,"grad_norm":0.6045464873313904,"_timestamp":1.7338398344024074e+09,"_wandb":{"runtime":7879},"_runtime":7879.14804004,"learning_rate":6.959999999999999e-07,"train_loss":2.0073164163649766,"eval_samples_per_second":7.528,"train_steps_per_second":0.045,"_step":352,"train_samples_per_second":2.924,"eval_loss":1.3671666383743286,"train_runtime":7667.1261,"total_flos":2.9627199421362995e+17,"eval_runtime":175.219}