{"loss":0.3222,"grad_norm":0,"learning_rate":8e-09,"epoch":0.034224598930481284,"_timestamp":1.7339307958214717e+09,"_runtime":87.43428942,"_wandb":{"runtime":99},"_step":3}