{"train_runtime":0.0368,"_timestamp":1.7338176578381667e+09,"eval_runtime":83.0918,"eval_steps_per_second":0.108,"_wandb":{"runtime":212},"epoch":2.9998165025383816,"eval_samples_per_second":3.117,"eval_loss":0.39284488558769226,"total_flos":5.471576933001907e+19,"train_samples_per_second":609091.154,"_step":1,"train_steps_per_second":9454.647,"_runtime":212.860586382,"train_loss":0}