{"train_samples_per_second":606377.047,"eval_loss":0.39284488558769226,"_wandb":{"runtime":212},"train_runtime":0.037,"_timestamp":1.7338176578381355e+09,"total_flos":5.471576933001907e+19,"epoch":2.9998165025383816,"eval_runtime":83.0917,"train_steps_per_second":9412.517,"eval_steps_per_second":0.108,"train_loss":0,"eval_samples_per_second":3.117,"_runtime":212.665887832,"_step":1}