{"_runtime":65.151849919,"_step":0,"_wandb":{"runtime":74},"loss":0.3167,"grad_norm":1.527297019958496,"learning_rate":2e-09,"epoch":0.008556149732620321,"_timestamp":1.7338848456094432e+09}