{"loss":0.3365,"grad_norm":1.5246471166610718,"learning_rate":6e-09,"epoch":0.025668449197860963,"_timestamp":1.733884662260377e+09,"_runtime":109.109950146,"_step":2,"_wandb":{"runtime":130}}