{"_runtime":65.14269079,"_step":0,"loss":0.3167,"grad_norm":1.527297019958496,"learning_rate":2e-09,"epoch":0.008556149732620321,"_wandb":{"runtime":74},"_timestamp":1.7338848456094449e+09}