{"total_flos":2.9627199421362995e+17,"eval_loss":1.3671666383743286,"train_loss":2.0073164163649766,"loss":1.3226,"eval_steps_per_second":0.24,"train_samples_per_second":2.924,"eval_runtime":175.219,"_step":352,"train_runtime":7667.113,"epoch":2.990374331550802,"_runtime":7879.165524921,"_wandb":{"runtime":7879},"train_steps_per_second":0.045,"grad_norm":0.5944709181785583,"_timestamp":1.7338398344023933e+09,"learning_rate":6.959999999999999e-07,"eval_samples_per_second":7.528}