{"loss":0.3222,"grad_norm":0,"learning_rate":8e-09,"epoch":0.034224598930481284,"_timestamp":1.733930795821472e+09,"_wandb":{"runtime":98},"_runtime":87.421045981,"_step":3}