{"_wandb":{"runtime":160},"loss":1.3073,"grad_norm":6.44242525100708,"learning_rate":1e-08,"epoch":0.0427807486631016,"_timestamp":1.7338227013244936e+09,"_runtime":153.677091856,"_step":4}