{"loss":1.3073,"grad_norm":6.44242525100708,"learning_rate":1e-08,"epoch":0.0427807486631016,"_timestamp":1.733822701324489e+09,"_runtime":153.708384906,"_step":4,"_wandb":{"runtime":159}}