{"_step":115,"loss":0.3193,"grad_norm":0,"learning_rate":2.32e-07,"epoch":0.9925133689839573,"_timestamp":1.7338873719858117e+09,"_wandb":{"runtime":2077},"_runtime":2072.192732462}