{"eval_runtime":175.6188,"_step":1,"train_loss":0,"train_runtime":0.024,"train_steps_per_second":14508.835,"eval_steps_per_second":0.239,"_timestamp":1.7338223833669784e+09,"_runtime":216.328095678,"train_samples_per_second":934694.155,"total_flos":5.471576933001907e+19,"epoch":2.9998165025383816,"eval_samples_per_second":7.511,"eval_loss":1.3281193971633911,"_wandb":{"runtime":216}}