{"eval_samples_per_second":7.528,"epoch":2.990374331550802,"_runtime":7879.16985217,"eval_loss":1.3671666383743286,"total_flos":2.9627199421362995e+17,"eval_runtime":175.2191,"grad_norm":0.6306922435760498,"train_loss":2.0073164163649766,"learning_rate":6.959999999999999e-07,"_step":352,"eval_steps_per_second":0.24,"train_runtime":7667.1132,"loss":1.3226,"train_samples_per_second":2.924,"_timestamp":1.7338398344024024e+09,"_wandb":{"runtime":7879},"train_steps_per_second":0.045}