{"_step":1,"train_runtime":0.0239,"eval_runtime":175.6208,"total_flos":5.471576933001907e+19,"_wandb":{"runtime":216},"eval_steps_per_second":0.239,"train_steps_per_second":14572.279,"train_loss":0,"epoch":2.9998165025383816,"_timestamp":1.7338223833668249e+09,"eval_samples_per_second":7.51,"_runtime":216.311920436,"train_samples_per_second":938781.412,"eval_loss":1.3281193971633911}