{"total_flos":5.471576933001907e+19,"_timestamp":1.7338176578380032e+09,"_wandb":{"runtime":212},"eval_samples_per_second":3.117,"train_runtime":0.0365,"eval_loss":0.39284488558769226,"eval_steps_per_second":0.108,"_step":1,"train_samples_per_second":613466.215,"_runtime":212.905015332,"train_loss":0,"eval_runtime":83.0914,"epoch":2.9998165025383816,"train_steps_per_second":9522.559}