{"learning_rate":2.32e-07,"epoch":0.9925133689839573,"_timestamp":1.7338873719857185e+09,"_runtime":2072.200925132,"_step":115,"_wandb":{"runtime":2077},"loss":0.3193,"grad_norm":0}